BEGIN;
INSERT INTO Bruker VALUES (1, 'DefaultUser', '00000000', 'DefaultAdress');

INSERT INTO Sal VALUES ('Hovedscene', 516);
INSERT INTO Sal VALUES ('Gamle Scene', 332);

INSERT INTO Gruppe (GruppeID, GruppeNavn, Betingelser)
VALUES 
    (1, 'Ordinaer', NULL),
    (2, 'Honnor', '60+'),
    (3, 'Student', 'Student'),
    (4, 'Barn', '7<'),
    (5, 'Gruppe 10', 'Gjelder minimum 10 billetter'),
    (6, 'Gruppe honnor', 'Gjelder minimum 10 billetter for honnorer');

INSERT INTO Stykke (StykkeTittel, Forfatter, SalNavn)
VALUES 
    ('Kongsemnene', 'Henrik Ibsen', 'Hovedscene'),
    ('Storst av alt er kjaerligheten', 'Jonas Corell Petersen', 'Gamle Scene');


INSERT INTO Pris (GruppeID, StykkeTittel, Pris)
VALUES
    (1, 'Kongsemnene', 450.00),
    (2, 'Kongsemnene', 380.00),
    (3, 'Kongsemnene', 280.00),
    (5, 'Kongsemnene', 420.00),
    (6, 'Kongsemnene', 360.00),

    (1, 'Storst av alt er kjaerligheten', 350.00),
    (2, 'Storst av alt er kjaerligheten', 300.00),
    (3, 'Storst av alt er kjaerligheten', 220.00),
    (4, 'Storst av alt er kjaerligheten', 220.00),
    (5, 'Storst av alt er kjaerligheten', 320.00),
    (6, 'Storst av alt er kjaerligheten', 270.00);

INSERT INTO AnnenAnsatt (AnsattID, Navn, Tlf, ePost, AnsattStatus)
VALUES
    (13, 'Yury Butusov', '49128756', 'YuryBu@trondelagTeater.no', 'AnsattStatus'),
    (14, 'Aleksandr Shishkin-Hokusai', '94781326', 'AleksandrSh@trondelagTeater.no', 'AnsattStatus'),
    (15, 'Eivind Myren', '96475182', 'EivindMy@trondelagTeater.no', 'AnsattStatus'),
    (16, 'Mina Rype Stokke', '91468732', 'MinaRy@trondelagTeater.no', 'AnsattStatus'),

    (17, 'Randi Andersen Gafseth', '49813527', 'RandiAn@trondelagTeater.no', 'AnsattStatus'),
    (18, 'Emily F. Luthentun', '94752863', 'EmilyLu@trondelagTeater.no', 'AnsattStatus'),
    (19, 'Ann Eli Aasgard', '94567823', 'AnnEiAa@trondelagTeater.no', 'AnsattStatus'),
    (20, 'Marianne Aunvik', '94813567', 'MarianneAu@trondelagTeater.no', 'AnsattStatus'),
    (21, 'Martin Didrichsen', '94756321', 'MartinDi@trondelagTeater.no', 'AnsattStatus'),
    (22, 'Are Skarra Kvitnes', '94827316', 'AreSk@trondelagTeater.no', 'AnsattStatus'),
    (23, 'Roger Indgul', '91724856', 'RogerIn@trondelagTeater.no', 'AnsattStatus'),
    (24, 'Anders Schille', '94721635', 'AndersSc@trondelagTeater.no', 'AnsattStatus'),
    (25, 'Oliver Loding', '94761382', 'OliverLo@trondelagTeater.no', 'AnsattStatus'),
    (26, 'Harald Soltvedt', '94751268', 'HaraldSo@trondelagTeater.no', 'AnsattStatus'),
    (27, 'Karl-Martin Hoddevik', '91827456', 'Karl-MartinHo@trondelagTeater.no', 'AnsattStatus'),
    (28, 'Geir Dyrdal', '94718253', 'GeirDy@trondelagTeater.no', 'AnsattStatus'),
    (29, 'Trine Bjorhusdal', '94127368', 'TrineBj@trondelagTeater.no', 'AnsattStatus'),
    (30, 'Renee Desmond', '94768231', 'ReneeDe@trondelagTeater.no', 'AnsattStatus'),
    (31, 'Charlotta Winger', '94763821', 'CharlottaWi@trondelagTeater.no', 'AnsattStatus'),
    (32, 'Egil Buseth', '91427863', 'EgilBu@trondelagTeater.no', 'AnsattStatus'),
    (33, 'Per Arne Johansen', '94871326', 'PerAr@trondelagTeater.no', 'AnsattStatus'),
    (34, 'Toril Skipnes', '94721635', 'TorilSk@trondelagTeater.no', 'AnsattStatus'),
    (35, 'Anita Gundersen', '94761382', 'AnitaGu@trondelagTeater.no', 'AnsattStatus'),

    (44, 'Jonas Corell Petersen', '94781632', 'JonasCo@trondelagTeater.no', 'AnsattStatus'),
    (45, 'David Gehrt', '91476832', 'DavidGe@trondelagTeater.no', 'AnsattStatus'),
    (46, 'Gaute Tonder', '91482637', 'GauteTo@trondelagTeater.no', 'AnsattStatus'),
    (47, 'Magnus Mikaelsen', '94152768', 'MagnusMi@trondelagTeater.no', 'AnsattStatus'),
    (48, 'Kristoffer Spender', '91482637', 'KristofferSp@trondelagTeater.no', 'AnsattStatus'),

    (49, 'Line Amli', '94716328', 'LineAm@trondelagTeater.no', 'AnsattStatus'),
    (50, 'Lars Magnus Krogh Utne', '94726318', 'LarsMag@trondelagTeater.no', 'AnsattStatus'),
    (51, 'Livinger Ferner Diesen', '94172638', 'LivingerFe@trondelagTeater.no', 'AnsattStatus'),
    (52, 'Espen Hoyem', '91476832', 'EspenHo@trondelagTeater.no', 'AnsattStatus'),
    (53, 'Kjersti Eckhoff', '94781236', 'KjerstiEc@trondelagTeater.no', 'AnsattStatus'),
    (54, 'Ida Marie Bronstad', '91472638', 'IdaMaBr@trondelagTeater.no', 'AnsattStatus'),
    (55, 'Jan Magne Hoynes', '94761283', 'JanMaHo@trondelagTeater.no', 'AnsattStatus'),
    (56, 'Siril Gaare', '94731682', 'SirilGa@trondelagTeater.no', 'AnsattStatus'),
    (57, 'Stein Jorgen Oien', '91472863', 'SteinJo@trondelagTeater.no', 'AnsattStatus'),
    (58, 'Steffen Telstad', '94721638', 'SteffenTe@trondelagTeater.no', 'AnsattStatus'),
    (59, 'Erik Chan', '94716283', 'ErikCh@trondelagTeater.no', 'AnsattStatus'),
    (60, 'Olav Rui', '94761328', 'OlavRu@trondelagTeater.no', 'AnsattStatus'),
    (61, 'Per Arne Johansen', '94871326', 'PerAr@trondelagTeater.no', 'AnsattStatus'),
    (62, 'Toril Skipnes', '94721635', 'TorilSk@trondelagTeater.no', 'AnsattStatus'),
    (63, 'Anita Gundersen', '94761382', 'AnitaGu@trondelagTeater.no', 'AnsattStatus');

INSERT INTO Skuespiller (AnsattID, Navn, Tlf, ePost, AnsattStatus)
VALUES
    (1, 'Arturo Scotti', '49218675', 'ArturoSc@trondelagTeater.no', 'AnsattStatus'),
    (2, 'Ingunn Beate Strige Oyen', '94718625', 'IngunnBe@trondelagTeater.no', 'AnsattStatus'),
    (3, 'Hans Petter Nilsen', '94815672', 'HansPeNi@trondelagTeater.no', 'AnsattStatus'),
    (4, 'Madeleine Brandtzaeg Nilsen', '91482756', 'MadeleineBr@trondelagTeater.no', 'AnsattStatus'),
    (5, 'Synnove Fossum Eriksen', '94718265', 'SynnoveFo@trondelagTeater.no', 'AnsattStatus'),
    (6, 'Emma Caroline Deichmann', '91487236', 'EmmaCaDe@trondelagTeater.no', 'AnsattStatus'),
    (7, 'Thomas Jensen Takyi', '91478263', 'ThomasJe@trondelagTeater.no', 'AnsattStatus'),
    (8, 'Per Bogstad Gulliksen', '94781236', 'PerBoGu@trondelagTeater.no', 'AnsattStatus'),
    (9, 'Isak Holmen Sorensen', '94782136', 'IsakHoSo@trondelagTeater.no', 'AnsattStatus'),
    (10, 'Fabian Heidelberg Lunde', '94768213', 'FabianHe@trondelagTeater.no', 'AnsattStatus'),
    (11, 'Emil Olafsson', '94768123', 'EmilOl@trondelagTeater.no', 'AnsattStatus'),
    (12, 'Snorre Ryen Tondel', '94786321', 'SnorreRy@trondelagTeater.no', 'AnsattStatus'),

    (37, 'Sunniva Du Mond Nordal', '94723168', 'SunnivaDu@trondelagTeater.no', 'AnsattStatus'),
    (38, 'Jo Saberniak', '91468723', 'JoSa@trondelagTeater.no', 'AnsattStatus'),
    (39, 'Marte M. Steinholt', '94728163', 'MarteM.S@trondelagTeater.no', 'AnsattStatus'),
    (40, 'Tor Ivar Hagen', '94182673', 'TorIvHa@trondelagTeater.no', 'AnsattStatus'),
    (41, 'Trond-Ove Skrodal', '94782613', 'Trond-Ov@trondelagTeater.no', 'AnsattStatus'),
    (42, 'Natalie Grondahl Tangen', '94768123', 'NatalieGr@trondelagTeater.no', 'AnsattStatus'),
    (43, 'Asmund Flaten', '91468273', 'AsmundFl@trondelagTeater.no', 'AnsattStatus');

INSERT INTO Rolle (RolleID, RolleNavn)
VALUES
    (1, 'Hakon Hakonson'),
    (2, 'Dagfinn Bonde'),
    (3, 'Jatgeir Skald'),
    (4, 'Sigrid'),
    (5, 'Ingebjorg'),
    (6, 'Guttorm Ingesson'),
    (7, 'Skule Jarl'),
    (8, 'Inga fra Vartejg'),
    (9, 'Paal Flida'),
    (10, 'Ragnhild'),
    (11, 'Gregorius Jonsson'),
    (12, 'Margrete'),
    (13, 'Biskop Nikolas'),
    (14, 'Peter'),
    (15, 'Baard Bratte'),

    (16, 'Sunniva Du Mond Nordal'),
    (17, 'Jo Saberniak'),
    (18, 'Marte M. Steinholt'),
    (19, 'Tor Ivar Hagen'),
    (20, 'Trond-Ove Skrodal'),
    (21, 'Natalie Grondahl Tangen'),
    (22, 'Asmund Flaten');

INSERT INTO Spiller (AnsattID, RolleID)
VALUES
    (1, 1),
    (2, 8),
    (3, 7),
    (4, 10),
    (5, 12),
    (6, 4),
    (6, 5),
    (7, 13),
    (8, 11),
    (9, 9),
    (10, 15),
    (11, 3),
    (11, 2),
    (12, 14),


    (37, 16),
    (38, 17),
    (39, 18),
    (40, 19),
    (41, 20),
    (42, 21),
    (43, 22);

INSERT INTO JobberPa (AnsattID, StykkeTittel, Ansvar)
VALUES
    (13, 'Kongsemnene', 'Regi og musikkutvelgelse'),
    (14, 'Kongsemnene', 'Scenografi og kostymer'),
    (15, 'Kongsemnene', 'Lysdesign'),
    (16, 'Kongsemnene', 'Dramaturg'),

    (17, 'Kongsemnene', 'Inspisient'),
    (18, 'Kongsemnene', 'Inspisient'),
    (19, 'Kongsemnene', 'Sufflor'),
    (20, 'Kongsemnene', 'Maskeansvarlig'),
    (21, 'Kongsemnene', 'Teknisk koordinator'),
    (22, 'Kongsemnene', 'Lysmester'),
    (23, 'Kongsemnene', 'Lysbordoperator'),
    (24, 'Kongsemnene', 'Lyddesign'),
    (25, 'Kongsemnene', 'Lydbordoperator'),
    (26, 'Kongsemnene', 'Lydbordoperator'),
    (27, 'Kongsemnene', 'Rekvisittansvarlig'),
    (28, 'Kongsemnene', 'Sceneansvarlig'),
    (29, 'Kongsemnene', 'Stykkeansvarlig kostyme'),
    (30, 'Kongsemnene', 'Stykkeansvarlig pakledere'),
    (31, 'Kongsemnene', 'Tapetserer'),
    (32, 'Kongsemnene', 'Snekker'),
    (33, 'Kongsemnene', 'Metallarbeider'),
    (34, 'Kongsemnene', 'Malersal'),
    (35, 'Kongsemnene', 'Malersal'),


    (44, 'Storst av alt er kjaerligheten', 'Regi'),
    (45, 'Storst av alt er kjaerligheten', 'Scenografi'),
    (46, 'Storst av alt er kjaerligheten', 'Musikalsk ansvarlig'),
    (47, 'Storst av alt er kjaerligheten', 'Lysdesign'),
    (48, 'Storst av alt er kjaerligheten', 'Dramaturg'),

    (49, 'Storst av alt er kjaerligheten', 'Inspisient'),
    (50, 'Storst av alt er kjaerligheten', 'Sufflor'),
    (51, 'Storst av alt er kjaerligheten', 'Maskeansvarlig'),
    (52, 'Storst av alt er kjaerligheten', 'Stykkeansvarlig rekvisitt'),
    (53, 'Storst av alt er kjaerligheten', 'Stykkeansvarlig kostyme'),
    (54, 'Storst av alt er kjaerligheten', 'Stykkeansvarlig pakledere'),
    (55, 'Storst av alt er kjaerligheten', 'Lyddesign'),
    (56, 'Storst av alt er kjaerligheten', 'Lyddesign'),
    (57, 'Storst av alt er kjaerligheten', 'Videodesign'),
    (58, 'Storst av alt er kjaerligheten', 'Lysbordoperator'),
    (59, 'Storst av alt er kjaerligheten', 'Sceneansvarlig'),
    (60, 'Storst av alt er kjaerligheten', 'Snekker'),
    (61, 'Storst av alt er kjaerligheten', 'Metallarbeider'),
    (62, 'Storst av alt er kjaerligheten', 'Malersal'),
    (63, 'Storst av alt er kjaerligheten', 'Malersal');

INSERT INTO Akt (AktNr, AktNavn, StykkeTittel)
VALUES
    (1, 'Akt 1', 'Kongsemnene'),
    (2, 'Akt 2', 'Kongsemnene'),
    (3, 'Akt 3', 'Kongsemnene'),
    (4, 'Akt 4', 'Kongsemnene'),
    (5, 'Akt 5', 'Kongsemnene'),
    (1, NULL, 'Storst av alt er kjaerligheten');



INSERT INTO Visning (VisningsID, Dato, Klokkeslett, StykkeTittel)
VALUES
    (1, '2024-02-01', '19:00', 'Kongsemnene'),
    (2, '2024-02-02', '19:00', 'Kongsemnene'),
    (3, '2024-02-03', '18:30', 'Storst av alt er kjaerligheten'),
    (4, '2024-02-03', '19:00', 'Kongsemnene'),
    (5, '2024-02-04', '19:00', 'Kongsemnene'),
    (6, '2024-02-05', '19:00', 'Kongsemnene'),
    (7, '2024-02-06', '18:30', 'Storst av alt er kjaerligheten'),
    (8, '2024-02-06', '19:00', 'Kongsemnene'),
    (9, '2024-02-07', '18:30', 'Storst av alt er kjaerligheten'),
    (10, '2024-02-12', '18:30', 'Storst av alt er kjaerligheten'),
    (11, '2024-02-13', '18:30', 'Storst av alt er kjaerligheten'),
    (12, '2024-02-14', '18:30', 'Storst av alt er kjaerligheten');



INSERT INTO RolleTilAkt (RolleID, AktNr)
VALUES
    (1, 1),
    (1, 2),
    (1, 3),
    (1, 4),
    (1, 5),

    (2, 1),
    (2, 2),
    (2, 3),
    (2, 4),
    (2, 5),

    (3, 4),

    (4, 1),
    (4, 2),
    (4, 5),

    (5, 4),

    (6, 1),

    (7, 1),
    (7, 2),
    (7, 3),
    (7, 4),
    (7, 5),

    (8, 1),
    (8, 3),

    (9, 1),
    (9, 2),
    (9, 3),
    (9, 4),
    (9, 5),

    (10, 1),
    (10, 5),

    (11, 1),
    (11, 2),
    (11, 3),
    (11, 4),
    (11, 5),

    (12, 1),
    (12, 2),
    (12, 3),
    (12, 4),
    (12, 5),

    (13, 1),
    (13, 2),
    (13, 3),

    (14, 3),
    (14, 4),
    (14, 5),


    (16, 1),
    (17, 1),
    (18, 1),
    (19, 1),
    (20, 1),
    (21, 1),
    (22, 1);

Insert INTO Sete (SeteID, SeteNr, RadNr, Omerade, SalNavn)
VALUES
    (1, 1, 1 , 'Parkett', 'Hovedscene'),
    (2, 2, 1 , 'Parkett', 'Hovedscene'),
    (3, 3, 1 , 'Parkett', 'Hovedscene'),
    (4, 4, 1 , 'Parkett', 'Hovedscene'),
    (5, 5, 1 , 'Parkett', 'Hovedscene'),
    (6, 6, 1 , 'Parkett', 'Hovedscene'),
    (7, 7, 1 , 'Parkett', 'Hovedscene'),
    (8, 8, 1 , 'Parkett', 'Hovedscene'),
    (9, 9, 1 , 'Parkett', 'Hovedscene'),
    (10, 10, 1 , 'Parkett', 'Hovedscene'),
    (11, 11, 1 , 'Parkett', 'Hovedscene'),
    (12, 12, 1 , 'Parkett', 'Hovedscene'),
    (13, 13, 1 , 'Parkett', 'Hovedscene'),
    (14, 14, 1 , 'Parkett', 'Hovedscene'),
    (15, 15, 1 , 'Parkett', 'Hovedscene'),
    (16, 16, 1 , 'Parkett', 'Hovedscene'),
    (17, 17, 1 , 'Parkett', 'Hovedscene'),
    (18, 18, 1 , 'Parkett', 'Hovedscene'),
    (19, 19, 1 , 'Parkett', 'Hovedscene'),
    (20, 20, 1 , 'Parkett', 'Hovedscene'),
    (21, 21, 1 , 'Parkett', 'Hovedscene'),
    (22, 22, 1 , 'Parkett', 'Hovedscene'),
    (23, 23, 1 , 'Parkett', 'Hovedscene'),
    (24, 24, 1 , 'Parkett', 'Hovedscene'),
    (25, 25, 1 , 'Parkett', 'Hovedscene'),
    (26, 26, 1 , 'Parkett', 'Hovedscene'),
    (27, 27, 1 , 'Parkett', 'Hovedscene'),
    (28, 28, 1 , 'Parkett', 'Hovedscene'),
    (29, 29, 2 , 'Parkett', 'Hovedscene'),
    (30, 30, 2 , 'Parkett', 'Hovedscene'),
    (31, 31, 2 , 'Parkett', 'Hovedscene'),
    (32, 32, 2 , 'Parkett', 'Hovedscene'),
    (33, 33, 2 , 'Parkett', 'Hovedscene'),
    (34, 34, 2 , 'Parkett', 'Hovedscene'),
    (35, 35, 2 , 'Parkett', 'Hovedscene'),
    (36, 36, 2 , 'Parkett', 'Hovedscene'),
    (37, 37, 2 , 'Parkett', 'Hovedscene'),
    (38, 38, 2 , 'Parkett', 'Hovedscene'),
    (39, 39, 2 , 'Parkett', 'Hovedscene'),
    (40, 40, 2 , 'Parkett', 'Hovedscene'),
    (41, 41, 2 , 'Parkett', 'Hovedscene'),
    (42, 42, 2 , 'Parkett', 'Hovedscene'),
    (43, 43, 2 , 'Parkett', 'Hovedscene'),
    (44, 44, 2 , 'Parkett', 'Hovedscene'),
    (45, 45, 2 , 'Parkett', 'Hovedscene'),
    (46, 46, 2 , 'Parkett', 'Hovedscene'),
    (47, 47, 2 , 'Parkett', 'Hovedscene'),
    (48, 48, 2 , 'Parkett', 'Hovedscene'),
    (49, 49, 2 , 'Parkett', 'Hovedscene'),
    (50, 50, 2 , 'Parkett', 'Hovedscene'),
    (51, 51, 2 , 'Parkett', 'Hovedscene'),
    (52, 52, 2 , 'Parkett', 'Hovedscene'),
    (53, 53, 2 , 'Parkett', 'Hovedscene'),
    (54, 54, 2 , 'Parkett', 'Hovedscene'),
    (55, 55, 2 , 'Parkett', 'Hovedscene'),
    (56, 56, 2 , 'Parkett', 'Hovedscene'),
    (57, 57, 3 , 'Parkett', 'Hovedscene'),
    (58, 58, 3 , 'Parkett', 'Hovedscene'),
    (59, 59, 3 , 'Parkett', 'Hovedscene'),
    (60, 60, 3 , 'Parkett', 'Hovedscene'),
    (61, 61, 3 , 'Parkett', 'Hovedscene'),
    (62, 62, 3 , 'Parkett', 'Hovedscene'),
    (63, 63, 3 , 'Parkett', 'Hovedscene'),
    (64, 64, 3 , 'Parkett', 'Hovedscene'),
    (65, 65, 3 , 'Parkett', 'Hovedscene'),
    (66, 66, 3 , 'Parkett', 'Hovedscene'),
    (67, 67, 3 , 'Parkett', 'Hovedscene'),
    (68, 68, 3 , 'Parkett', 'Hovedscene'),
    (69, 69, 3 , 'Parkett', 'Hovedscene'),
    (70, 70, 3 , 'Parkett', 'Hovedscene'),
    (71, 71, 3 , 'Parkett', 'Hovedscene'),
    (72, 72, 3 , 'Parkett', 'Hovedscene'),
    (73, 73, 3 , 'Parkett', 'Hovedscene'),
    (74, 74, 3 , 'Parkett', 'Hovedscene'),
    (75, 75, 3 , 'Parkett', 'Hovedscene'),
    (76, 76, 3 , 'Parkett', 'Hovedscene'),
    (77, 77, 3 , 'Parkett', 'Hovedscene'),
    (78, 78, 3 , 'Parkett', 'Hovedscene'),
    (79, 79, 3 , 'Parkett', 'Hovedscene'),
    (80, 80, 3 , 'Parkett', 'Hovedscene'),
    (81, 81, 3 , 'Parkett', 'Hovedscene'),
    (82, 82, 3 , 'Parkett', 'Hovedscene'),
    (83, 83, 3 , 'Parkett', 'Hovedscene'),
    (84, 84, 3 , 'Parkett', 'Hovedscene'),
    (85, 85, 4 , 'Parkett', 'Hovedscene'),
    (86, 86, 4 , 'Parkett', 'Hovedscene'),
    (87, 87, 4 , 'Parkett', 'Hovedscene'),
    (88, 88, 4 , 'Parkett', 'Hovedscene'),
    (89, 89, 4 , 'Parkett', 'Hovedscene'),
    (90, 90, 4 , 'Parkett', 'Hovedscene'),
    (91, 91, 4 , 'Parkett', 'Hovedscene'),
    (92, 92, 4 , 'Parkett', 'Hovedscene'),
    (93, 93, 4 , 'Parkett', 'Hovedscene'),
    (94, 94, 4 , 'Parkett', 'Hovedscene'),
    (95, 95, 4 , 'Parkett', 'Hovedscene'),
    (96, 96, 4 , 'Parkett', 'Hovedscene'),
    (97, 97, 4 , 'Parkett', 'Hovedscene'),
    (98, 98, 4 , 'Parkett', 'Hovedscene'),
    (99, 99, 4 , 'Parkett', 'Hovedscene'),
    (100, 100, 4 , 'Parkett', 'Hovedscene'),
    (101, 101, 4 , 'Parkett', 'Hovedscene'),
    (102, 102, 4 , 'Parkett', 'Hovedscene'),
    (103, 103, 4 , 'Parkett', 'Hovedscene'),
    (104, 104, 4 , 'Parkett', 'Hovedscene'),
    (105, 105, 4 , 'Parkett', 'Hovedscene'),
    (106, 106, 4 , 'Parkett', 'Hovedscene'),
    (107, 107, 4 , 'Parkett', 'Hovedscene'),
    (108, 108, 4 , 'Parkett', 'Hovedscene'),
    (109, 109, 4 , 'Parkett', 'Hovedscene'),
    (110, 110, 4 , 'Parkett', 'Hovedscene'),
    (111, 111, 4 , 'Parkett', 'Hovedscene'),
    (112, 112, 4 , 'Parkett', 'Hovedscene'),
    (113, 113, 5 , 'Parkett', 'Hovedscene'),
    (114, 114, 5 , 'Parkett', 'Hovedscene'),
    (115, 115, 5 , 'Parkett', 'Hovedscene'),
    (116, 116, 5 , 'Parkett', 'Hovedscene'),
    (117, 117, 5 , 'Parkett', 'Hovedscene'),
    (118, 118, 5 , 'Parkett', 'Hovedscene'),
    (119, 119, 5 , 'Parkett', 'Hovedscene'),
    (120, 120, 5 , 'Parkett', 'Hovedscene'),
    (121, 121, 5 , 'Parkett', 'Hovedscene'),
    (122, 122, 5 , 'Parkett', 'Hovedscene'),
    (123, 123, 5 , 'Parkett', 'Hovedscene'),
    (124, 124, 5 , 'Parkett', 'Hovedscene'),
    (125, 125, 5 , 'Parkett', 'Hovedscene'),
    (126, 126, 5 , 'Parkett', 'Hovedscene'),
    (127, 127, 5 , 'Parkett', 'Hovedscene'),
    (128, 128, 5 , 'Parkett', 'Hovedscene'),
    (129, 129, 5 , 'Parkett', 'Hovedscene'),
    (130, 130, 5 , 'Parkett', 'Hovedscene'),
    (131, 131, 5 , 'Parkett', 'Hovedscene'),
    (132, 132, 5 , 'Parkett', 'Hovedscene'),
    (133, 133, 5 , 'Parkett', 'Hovedscene'),
    (134, 134, 5 , 'Parkett', 'Hovedscene'),
    (135, 135, 5 , 'Parkett', 'Hovedscene'),
    (136, 136, 5 , 'Parkett', 'Hovedscene'),
    (137, 137, 5 , 'Parkett', 'Hovedscene'),
    (138, 138, 5 , 'Parkett', 'Hovedscene'),
    (139, 139, 5 , 'Parkett', 'Hovedscene'),
    (140, 140, 5 , 'Parkett', 'Hovedscene'),
    (141, 141, 6 , 'Parkett', 'Hovedscene'),
    (142, 142, 6 , 'Parkett', 'Hovedscene'),
    (143, 143, 6 , 'Parkett', 'Hovedscene'),
    (144, 144, 6 , 'Parkett', 'Hovedscene'),
    (145, 145, 6 , 'Parkett', 'Hovedscene'),
    (146, 146, 6 , 'Parkett', 'Hovedscene'),
    (147, 147, 6 , 'Parkett', 'Hovedscene'),
    (148, 148, 6 , 'Parkett', 'Hovedscene'),
    (149, 149, 6 , 'Parkett', 'Hovedscene'),
    (150, 150, 6 , 'Parkett', 'Hovedscene'),
    (151, 151, 6 , 'Parkett', 'Hovedscene'),
    (152, 152, 6 , 'Parkett', 'Hovedscene'),
    (153, 153, 6 , 'Parkett', 'Hovedscene'),
    (154, 154, 6 , 'Parkett', 'Hovedscene'),
    (155, 155, 6 , 'Parkett', 'Hovedscene'),
    (156, 156, 6 , 'Parkett', 'Hovedscene'),
    (157, 157, 6 , 'Parkett', 'Hovedscene'),
    (158, 158, 6 , 'Parkett', 'Hovedscene'),
    (159, 159, 6 , 'Parkett', 'Hovedscene'),
    (160, 160, 6 , 'Parkett', 'Hovedscene'),
    (161, 161, 6 , 'Parkett', 'Hovedscene'),
    (162, 162, 6 , 'Parkett', 'Hovedscene'),
    (163, 163, 6 , 'Parkett', 'Hovedscene'),
    (164, 164, 6 , 'Parkett', 'Hovedscene'),
    (165, 165, 6 , 'Parkett', 'Hovedscene'),
    (166, 166, 6 , 'Parkett', 'Hovedscene'),
    (167, 167, 6 , 'Parkett', 'Hovedscene'),
    (168, 168, 6 , 'Parkett', 'Hovedscene'),
    (169, 169, 7 , 'Parkett', 'Hovedscene'),
    (170, 170, 7 , 'Parkett', 'Hovedscene'),
    (171, 171, 7 , 'Parkett', 'Hovedscene'),
    (172, 172, 7 , 'Parkett', 'Hovedscene'),
    (173, 173, 7 , 'Parkett', 'Hovedscene'),
    (174, 174, 7 , 'Parkett', 'Hovedscene'),
    (175, 175, 7 , 'Parkett', 'Hovedscene'),
    (176, 176, 7 , 'Parkett', 'Hovedscene'),
    (177, 177, 7 , 'Parkett', 'Hovedscene'),
    (178, 178, 7 , 'Parkett', 'Hovedscene'),
    (179, 179, 7 , 'Parkett', 'Hovedscene'),
    (180, 180, 7 , 'Parkett', 'Hovedscene'),
    (181, 181, 7 , 'Parkett', 'Hovedscene'),
    (182, 182, 7 , 'Parkett', 'Hovedscene'),
    (183, 183, 7 , 'Parkett', 'Hovedscene'),
    (184, 184, 7 , 'Parkett', 'Hovedscene'),
    (185, 185, 7 , 'Parkett', 'Hovedscene'),
    (186, 186, 7 , 'Parkett', 'Hovedscene'),
    (187, 187, 7 , 'Parkett', 'Hovedscene'),
    (188, 188, 7 , 'Parkett', 'Hovedscene'),
    (189, 189, 7 , 'Parkett', 'Hovedscene'),
    (190, 190, 7 , 'Parkett', 'Hovedscene'),
    (191, 191, 7 , 'Parkett', 'Hovedscene'),
    (192, 192, 7 , 'Parkett', 'Hovedscene'),
    (193, 193, 7 , 'Parkett', 'Hovedscene'),
    (194, 194, 7 , 'Parkett', 'Hovedscene'),
    (195, 195, 7 , 'Parkett', 'Hovedscene'),
    (196, 196, 7 , 'Parkett', 'Hovedscene'),
    (197, 197, 8 , 'Parkett', 'Hovedscene'),
    (198, 198, 8 , 'Parkett', 'Hovedscene'),
    (199, 199, 8 , 'Parkett', 'Hovedscene'),
    (200, 200, 8 , 'Parkett', 'Hovedscene'),
    (201, 201, 8 , 'Parkett', 'Hovedscene'),
    (202, 202, 8 , 'Parkett', 'Hovedscene'),
    (203, 203, 8 , 'Parkett', 'Hovedscene'),
    (204, 204, 8 , 'Parkett', 'Hovedscene'),
    (205, 205, 8 , 'Parkett', 'Hovedscene'),
    (206, 206, 8 , 'Parkett', 'Hovedscene'),
    (207, 207, 8 , 'Parkett', 'Hovedscene'),
    (208, 208, 8 , 'Parkett', 'Hovedscene'),
    (209, 209, 8 , 'Parkett', 'Hovedscene'),
    (210, 210, 8 , 'Parkett', 'Hovedscene'),
    (211, 211, 8 , 'Parkett', 'Hovedscene'),
    (212, 212, 8 , 'Parkett', 'Hovedscene'),
    (213, 213, 8 , 'Parkett', 'Hovedscene'),
    (214, 214, 8 , 'Parkett', 'Hovedscene'),
    (215, 215, 8 , 'Parkett', 'Hovedscene'),
    (216, 216, 8 , 'Parkett', 'Hovedscene'),
    (217, 217, 8 , 'Parkett', 'Hovedscene'),
    (218, 218, 8 , 'Parkett', 'Hovedscene'),
    (219, 219, 8 , 'Parkett', 'Hovedscene'),
    (220, 220, 8 , 'Parkett', 'Hovedscene'),
    (221, 221, 8 , 'Parkett', 'Hovedscene'),
    (222, 222, 8 , 'Parkett', 'Hovedscene'),
    (223, 223, 8 , 'Parkett', 'Hovedscene'),
    (224, 224, 8 , 'Parkett', 'Hovedscene'),
    (225, 225, 9 , 'Parkett', 'Hovedscene'),
    (226, 226, 9 , 'Parkett', 'Hovedscene'),
    (227, 227, 9 , 'Parkett', 'Hovedscene'),
    (228, 228, 9 , 'Parkett', 'Hovedscene'),
    (229, 229, 9 , 'Parkett', 'Hovedscene'),
    (230, 230, 9 , 'Parkett', 'Hovedscene'),
    (231, 231, 9 , 'Parkett', 'Hovedscene'),
    (232, 232, 9 , 'Parkett', 'Hovedscene'),
    (233, 233, 9 , 'Parkett', 'Hovedscene'),
    (234, 234, 9 , 'Parkett', 'Hovedscene'),
    (235, 235, 9 , 'Parkett', 'Hovedscene'),
    (236, 236, 9 , 'Parkett', 'Hovedscene'),
    (237, 237, 9 , 'Parkett', 'Hovedscene'),
    (238, 238, 9 , 'Parkett', 'Hovedscene'),
    (239, 239, 9 , 'Parkett', 'Hovedscene'),
    (240, 240, 9 , 'Parkett', 'Hovedscene'),
    (241, 241, 9 , 'Parkett', 'Hovedscene'),
    (242, 242, 9 , 'Parkett', 'Hovedscene'),
    (243, 243, 9 , 'Parkett', 'Hovedscene'),
    (244, 244, 9 , 'Parkett', 'Hovedscene'),
    (245, 245, 9 , 'Parkett', 'Hovedscene'),
    (246, 246, 9 , 'Parkett', 'Hovedscene'),
    (247, 247, 9 , 'Parkett', 'Hovedscene'),
    (248, 248, 9 , 'Parkett', 'Hovedscene'),
    (249, 249, 9 , 'Parkett', 'Hovedscene'),
    (250, 250, 9 , 'Parkett', 'Hovedscene'),
    (251, 251, 9 , 'Parkett', 'Hovedscene'),
    (252, 252, 9 , 'Parkett', 'Hovedscene'),
    (253, 253, 10 , 'Parkett', 'Hovedscene'),
    (254, 254, 10 , 'Parkett', 'Hovedscene'),
    (255, 255, 10 , 'Parkett', 'Hovedscene'),
    (256, 256, 10 , 'Parkett', 'Hovedscene'),
    (257, 257, 10 , 'Parkett', 'Hovedscene'),
    (258, 258, 10 , 'Parkett', 'Hovedscene'),
    (259, 259, 10 , 'Parkett', 'Hovedscene'),
    (260, 260, 10 , 'Parkett', 'Hovedscene'),
    (261, 261, 10 , 'Parkett', 'Hovedscene'),
    (262, 262, 10 , 'Parkett', 'Hovedscene'),
    (263, 263, 10 , 'Parkett', 'Hovedscene'),
    (264, 264, 10 , 'Parkett', 'Hovedscene'),
    (265, 265, 10 , 'Parkett', 'Hovedscene'),
    (266, 266, 10 , 'Parkett', 'Hovedscene'),
    (267, 267, 10 , 'Parkett', 'Hovedscene'),
    (268, 268, 10 , 'Parkett', 'Hovedscene'),
    (269, 269, 10 , 'Parkett', 'Hovedscene'),
    (270, 270, 10 , 'Parkett', 'Hovedscene'),
    (271, 271, 10 , 'Parkett', 'Hovedscene'),
    (272, 272, 10 , 'Parkett', 'Hovedscene'),
    (273, 273, 10 , 'Parkett', 'Hovedscene'),
    (274, 274, 10 , 'Parkett', 'Hovedscene'),
    (275, 275, 10 , 'Parkett', 'Hovedscene'),
    (276, 276, 10 , 'Parkett', 'Hovedscene'),
    (277, 277, 10 , 'Parkett', 'Hovedscene'),
    (278, 278, 10 , 'Parkett', 'Hovedscene'),
    (279, 279, 10 , 'Parkett', 'Hovedscene'),
    (280, 280, 10 , 'Parkett', 'Hovedscene'),
    (281, 281, 11 , 'Parkett', 'Hovedscene'),
    (282, 282, 11 , 'Parkett', 'Hovedscene'),
    (283, 283, 11 , 'Parkett', 'Hovedscene'),
    (284, 284, 11 , 'Parkett', 'Hovedscene'),
    (285, 285, 11 , 'Parkett', 'Hovedscene'),
    (286, 286, 11 , 'Parkett', 'Hovedscene'),
    (287, 287, 11 , 'Parkett', 'Hovedscene'),
    (288, 288, 11 , 'Parkett', 'Hovedscene'),
    (289, 289, 11 , 'Parkett', 'Hovedscene'),
    (290, 290, 11 , 'Parkett', 'Hovedscene'),
    (291, 291, 11 , 'Parkett', 'Hovedscene'),
    (292, 292, 11 , 'Parkett', 'Hovedscene'),
    (293, 293, 11 , 'Parkett', 'Hovedscene'),
    (294, 294, 11 , 'Parkett', 'Hovedscene'),
    (295, 295, 11 , 'Parkett', 'Hovedscene'),
    (296, 296, 11 , 'Parkett', 'Hovedscene'),
    (297, 297, 11 , 'Parkett', 'Hovedscene'),
    (298, 298, 11 , 'Parkett', 'Hovedscene'),
    (299, 299, 11 , 'Parkett', 'Hovedscene'),
    (300, 300, 11 , 'Parkett', 'Hovedscene'),
    (301, 301, 11 , 'Parkett', 'Hovedscene'),
    (302, 302, 11 , 'Parkett', 'Hovedscene'),
    (303, 303, 11 , 'Parkett', 'Hovedscene'),
    (304, 304, 11 , 'Parkett', 'Hovedscene'),
    (305, 305, 11 , 'Parkett', 'Hovedscene'),
    (306, 306, 11 , 'Parkett', 'Hovedscene'),
    (307, 307, 11 , 'Parkett', 'Hovedscene'),
    (308, 308, 11 , 'Parkett', 'Hovedscene'),
    (309, 309, 12 , 'Parkett', 'Hovedscene'),
    (310, 310, 12 , 'Parkett', 'Hovedscene'),
    (311, 311, 12 , 'Parkett', 'Hovedscene'),
    (312, 312, 12 , 'Parkett', 'Hovedscene'),
    (313, 313, 12 , 'Parkett', 'Hovedscene'),
    (314, 314, 12 , 'Parkett', 'Hovedscene'),
    (315, 315, 12 , 'Parkett', 'Hovedscene'),
    (316, 316, 12 , 'Parkett', 'Hovedscene'),
    (317, 317, 12 , 'Parkett', 'Hovedscene'),
    (318, 318, 12 , 'Parkett', 'Hovedscene'),
    (319, 319, 12 , 'Parkett', 'Hovedscene'),
    (320, 320, 12 , 'Parkett', 'Hovedscene'),
    (321, 321, 12 , 'Parkett', 'Hovedscene'),
    (322, 322, 12 , 'Parkett', 'Hovedscene'),
    (323, 323, 12 , 'Parkett', 'Hovedscene'),
    (324, 324, 12 , 'Parkett', 'Hovedscene'),
    (325, 325, 12 , 'Parkett', 'Hovedscene'),
    (326, 326, 12 , 'Parkett', 'Hovedscene'),
    (327, 327, 12 , 'Parkett', 'Hovedscene'),
    (328, 328, 12 , 'Parkett', 'Hovedscene'),
    (329, 329, 12 , 'Parkett', 'Hovedscene'),
    (330, 330, 12 , 'Parkett', 'Hovedscene'),
    (331, 331, 12 , 'Parkett', 'Hovedscene'),
    (332, 332, 12 , 'Parkett', 'Hovedscene'),
    (333, 333, 12 , 'Parkett', 'Hovedscene'),
    (334, 334, 12 , 'Parkett', 'Hovedscene'),
    (335, 335, 12 , 'Parkett', 'Hovedscene'),
    (336, 336, 12 , 'Parkett', 'Hovedscene'),
    (337, 337, 13 , 'Parkett', 'Hovedscene'),
    (338, 338, 13 , 'Parkett', 'Hovedscene'),
    (339, 339, 13 , 'Parkett', 'Hovedscene'),
    (340, 340, 13 , 'Parkett', 'Hovedscene'),
    (341, 341, 13 , 'Parkett', 'Hovedscene'),
    (342, 342, 13 , 'Parkett', 'Hovedscene'),
    (343, 343, 13 , 'Parkett', 'Hovedscene'),
    (344, 344, 13 , 'Parkett', 'Hovedscene'),
    (345, 345, 13 , 'Parkett', 'Hovedscene'),
    (346, 346, 13 , 'Parkett', 'Hovedscene'),
    (347, 347, 13 , 'Parkett', 'Hovedscene'),
    (348, 348, 13 , 'Parkett', 'Hovedscene'),
    (349, 349, 13 , 'Parkett', 'Hovedscene'),
    (350, 350, 13 , 'Parkett', 'Hovedscene'),
    (351, 351, 13 , 'Parkett', 'Hovedscene'),
    (352, 352, 13 , 'Parkett', 'Hovedscene'),
    (353, 353, 13 , 'Parkett', 'Hovedscene'),
    (354, 354, 13 , 'Parkett', 'Hovedscene'),
    (355, 355, 13 , 'Parkett', 'Hovedscene'),
    (356, 356, 13 , 'Parkett', 'Hovedscene'),
    (357, 357, 13 , 'Parkett', 'Hovedscene'),
    (358, 358, 13 , 'Parkett', 'Hovedscene'),
    (359, 359, 13 , 'Parkett', 'Hovedscene'),
    (360, 360, 13 , 'Parkett', 'Hovedscene'),
    (361, 361, 13 , 'Parkett', 'Hovedscene'),
    (362, 362, 13 , 'Parkett', 'Hovedscene'),
    (363, 363, 13 , 'Parkett', 'Hovedscene'),
    (364, 364, 13 , 'Parkett', 'Hovedscene'),
    (365, 365, 14 , 'Parkett', 'Hovedscene'),
    (366, 366, 14 , 'Parkett', 'Hovedscene'),
    (367, 367, 14 , 'Parkett', 'Hovedscene'),
    (368, 368, 14 , 'Parkett', 'Hovedscene'),
    (369, 369, 14 , 'Parkett', 'Hovedscene'),
    (370, 370, 14 , 'Parkett', 'Hovedscene'),
    (371, 371, 14 , 'Parkett', 'Hovedscene'),
    (372, 372, 14 , 'Parkett', 'Hovedscene'),
    (373, 373, 14 , 'Parkett', 'Hovedscene'),
    (374, 374, 14 , 'Parkett', 'Hovedscene'),
    (375, 375, 14 , 'Parkett', 'Hovedscene'),
    (376, 376, 14 , 'Parkett', 'Hovedscene'),
    (377, 377, 14 , 'Parkett', 'Hovedscene'),
    (378, 378, 14 , 'Parkett', 'Hovedscene'),
    (379, 379, 14 , 'Parkett', 'Hovedscene'),
    (380, 380, 14 , 'Parkett', 'Hovedscene'),
    (381, 381, 14 , 'Parkett', 'Hovedscene'),
    (382, 382, 14 , 'Parkett', 'Hovedscene'),
    (383, 383, 14 , 'Parkett', 'Hovedscene'),
    (384, 384, 14 , 'Parkett', 'Hovedscene'),
    (385, 385, 14 , 'Parkett', 'Hovedscene'),
    (386, 386, 14 , 'Parkett', 'Hovedscene'),
    (387, 387, 14 , 'Parkett', 'Hovedscene'),
    (388, 388, 14 , 'Parkett', 'Hovedscene'),
    (389, 389, 14 , 'Parkett', 'Hovedscene'),
    (390, 390, 14 , 'Parkett', 'Hovedscene'),
    (391, 391, 14 , 'Parkett', 'Hovedscene'),
    (392, 392, 14 , 'Parkett', 'Hovedscene'),
    (393, 393, 15 , 'Parkett', 'Hovedscene'),
    (394, 394, 15 , 'Parkett', 'Hovedscene'),
    (395, 395, 15 , 'Parkett', 'Hovedscene'),
    (396, 396, 15 , 'Parkett', 'Hovedscene'),
    (397, 397, 15 , 'Parkett', 'Hovedscene'),
    (398, 398, 15 , 'Parkett', 'Hovedscene'),
    (399, 399, 15 , 'Parkett', 'Hovedscene'),
    (400, 400, 15 , 'Parkett', 'Hovedscene'),
    (401, 401, 15 , 'Parkett', 'Hovedscene'),
    (402, 402, 15 , 'Parkett', 'Hovedscene'),
    (403, 403, 15 , 'Parkett', 'Hovedscene'),
    (404, 404, 15 , 'Parkett', 'Hovedscene'),
    (405, 405, 15 , 'Parkett', 'Hovedscene'),
    (406, 406, 15 , 'Parkett', 'Hovedscene'),
    (407, 407, 15 , 'Parkett', 'Hovedscene'),
    (408, 408, 15 , 'Parkett', 'Hovedscene'),
    (409, 409, 15 , 'Parkett', 'Hovedscene'),
    (410, 410, 15 , 'Parkett', 'Hovedscene'),
    (411, 411, 15 , 'Parkett', 'Hovedscene'),
    (412, 412, 15 , 'Parkett', 'Hovedscene'),
    (413, 413, 15 , 'Parkett', 'Hovedscene'),
    (414, 414, 15 , 'Parkett', 'Hovedscene'),
    (415, 415, 15 , 'Parkett', 'Hovedscene'),
    (416, 416, 15 , 'Parkett', 'Hovedscene'),
    (417, 417, 15 , 'Parkett', 'Hovedscene'),
    (418, 418, 15 , 'Parkett', 'Hovedscene'),
    (419, 419, 15 , 'Parkett', 'Hovedscene'),
    (420, 420, 15 , 'Parkett', 'Hovedscene'),
    (421, 421, 16 , 'Parkett', 'Hovedscene'),
    (422, 422, 16 , 'Parkett', 'Hovedscene'),
    (423, 423, 16 , 'Parkett', 'Hovedscene'),
    (424, 424, 16 , 'Parkett', 'Hovedscene'),
    (425, 425, 16 , 'Parkett', 'Hovedscene'),
    (426, 426, 16 , 'Parkett', 'Hovedscene'),
    (427, 427, 16 , 'Parkett', 'Hovedscene'),
    (428, 428, 16 , 'Parkett', 'Hovedscene'),
    (429, 429, 16 , 'Parkett', 'Hovedscene'),
    (430, 430, 16 , 'Parkett', 'Hovedscene'),
    (431, 431, 16 , 'Parkett', 'Hovedscene'),
    (432, 432, 16 , 'Parkett', 'Hovedscene'),
    (433, 433, 16 , 'Parkett', 'Hovedscene'),
    (434, 434, 16 , 'Parkett', 'Hovedscene'),
    (435, 435, 16 , 'Parkett', 'Hovedscene'),
    (436, 436, 16 , 'Parkett', 'Hovedscene'),
    (437, 437, 16 , 'Parkett', 'Hovedscene'),
    (438, 438, 16 , 'Parkett', 'Hovedscene'),
    (439, 439, 16 , 'Parkett', 'Hovedscene'),
    (440, 440, 16 , 'Parkett', 'Hovedscene'),
    (441, 441, 16 , 'Parkett', 'Hovedscene'),
    (442, 442, 16 , 'Parkett', 'Hovedscene'),
    (443, 443, 16 , 'Parkett', 'Hovedscene'),
    (444, 444, 16 , 'Parkett', 'Hovedscene'),
    (445, 445, 16 , 'Parkett', 'Hovedscene'),
    (446, 446, 16 , 'Parkett', 'Hovedscene'),
    (447, 447, 16 , 'Parkett', 'Hovedscene'),
    (448, 448, 16 , 'Parkett', 'Hovedscene'),
    (449, 449, 17 , 'Parkett', 'Hovedscene'),
    (450, 450, 17 , 'Parkett', 'Hovedscene'),
    (451, 451, 17 , 'Parkett', 'Hovedscene'),
    (452, 452, 17 , 'Parkett', 'Hovedscene'),
    (453, 453, 17 , 'Parkett', 'Hovedscene'),
    (454, 454, 17 , 'Parkett', 'Hovedscene'),
    (455, 455, 17 , 'Parkett', 'Hovedscene'),
    (456, 456, 17 , 'Parkett', 'Hovedscene'),
    (457, 457, 17 , 'Parkett', 'Hovedscene'),
    (458, 458, 17 , 'Parkett', 'Hovedscene'),
    (459, 459, 17 , 'Parkett', 'Hovedscene'),
    (460, 460, 17 , 'Parkett', 'Hovedscene'),
    (461, 461, 17 , 'Parkett', 'Hovedscene'),
    (462, 462, 17 , 'Parkett', 'Hovedscene'),
    (463, 463, 17 , 'Parkett', 'Hovedscene'),
    (464, 464, 17 , 'Parkett', 'Hovedscene'),
    (465, 465, 17 , 'Parkett', 'Hovedscene'),
    (466, 466, 17 , 'Parkett', 'Hovedscene'),
    (467, 471, 17 , 'Parkett', 'Hovedscene'),
    (468, 472, 17 , 'Parkett', 'Hovedscene'),
    (469, 473, 17 , 'Parkett', 'Hovedscene'),
    (470, 474, 17 , 'Parkett', 'Hovedscene'),
    (471, 475, 17 , 'Parkett', 'Hovedscene'),
    (472, 476, 17 , 'Parkett', 'Hovedscene'),
    (473, 477, 18 , 'Parkett', 'Hovedscene'),
    (474, 478, 18 , 'Parkett', 'Hovedscene'),
    (475, 479, 18 , 'Parkett', 'Hovedscene'),
    (476, 480, 18 , 'Parkett', 'Hovedscene'),
    (477, 481, 18 , 'Parkett', 'Hovedscene'),
    (478, 482, 18 , 'Parkett', 'Hovedscene'),
    (479, 483, 18 , 'Parkett', 'Hovedscene'),
    (480, 484, 18 , 'Parkett', 'Hovedscene'),
    (481, 485, 18 , 'Parkett', 'Hovedscene'),
    (482, 486, 18 , 'Parkett', 'Hovedscene'),
    (483, 487, 18 , 'Parkett', 'Hovedscene'),
    (484, 488, 18 , 'Parkett', 'Hovedscene'),
    (485, 489, 18 , 'Parkett', 'Hovedscene'),
    (486, 490, 18 , 'Parkett', 'Hovedscene'),
    (487, 491, 18 , 'Parkett', 'Hovedscene'),
    (488, 492, 18 , 'Parkett', 'Hovedscene'),
    (489, 493, 18 , 'Parkett', 'Hovedscene'),
    (490, 494, 18 , 'Parkett', 'Hovedscene'),
    (491, 499, 18 , 'Parkett', 'Hovedscene'),
    (492, 500, 18 , 'Parkett', 'Hovedscene'),
    (493, 501, 18 , 'Parkett', 'Hovedscene'),
    (494, 502, 18 , 'Parkett', 'Hovedscene'),
    (495, 503, 18 , 'Parkett', 'Hovedscene'),
    (496, 504, 18 , 'Parkett', 'Hovedscene'),
    (497, 505, 0 , 'Galeri', 'Hovedscene'),
    (498, 506, 0 , 'Galeri', 'Hovedscene'),
    (499, 507, 0 , 'Galeri', 'Hovedscene'),
    (500, 508, 0 , 'Galeri', 'Hovedscene'),
    (501, 509, 0 , 'Galeri', 'Hovedscene'),
    (502, 510, 0 , 'Galeri', 'Hovedscene'),
    (503, 511, 0 , 'Galeri', 'Hovedscene'),
    (504, 512, 0 , 'Galeri', 'Hovedscene'),
    (505, 513, 0 , 'Galeri', 'Hovedscene'),
    (506, 514, 0 , 'Galeri', 'Hovedscene'),
    (507, 515, 0 , 'Galeri', 'Hovedscene'),
    (508, 516, 0 , 'Galeri', 'Hovedscene'),
    (509, 517, 0 , 'Galeri', 'Hovedscene'),
    (510, 518, 0 , 'Galeri', 'Hovedscene'),
    (511, 519, 0 , 'Galeri', 'Hovedscene'),
    (512, 520, 0 , 'Galeri', 'Hovedscene'),
    (513, 521, 0 , 'Galeri', 'Hovedscene'),
    (514, 522, 0 , 'Galeri', 'Hovedscene'),
    (515, 523, 0 , 'Galeri', 'Hovedscene'),
    (516, 524, 0 , 'Galeri', 'Hovedscene'),
    (517, 1, 1 , 'Parkett', 'Gamle Scene'),
    (518, 2, 1 , 'Parkett', 'Gamle Scene'),
    (519, 3, 1 , 'Parkett', 'Gamle Scene'),
    (520, 4, 1 , 'Parkett', 'Gamle Scene'),
    (521, 5, 1 , 'Parkett', 'Gamle Scene'),
    (522, 6, 1 , 'Parkett', 'Gamle Scene'),
    (523, 7, 1 , 'Parkett', 'Gamle Scene'),
    (524, 8, 1 , 'Parkett', 'Gamle Scene'),
    (525, 9, 1 , 'Parkett', 'Gamle Scene'),
    (526, 10, 1 , 'Parkett', 'Gamle Scene'),
    (527, 11, 1 , 'Parkett', 'Gamle Scene'),
    (528, 12, 1 , 'Parkett', 'Gamle Scene'),
    (529, 13, 1 , 'Parkett', 'Gamle Scene'),
    (530, 14, 1 , 'Parkett', 'Gamle Scene'),
    (531, 15, 1 , 'Parkett', 'Gamle Scene'),
    (532, 16, 1 , 'Parkett', 'Gamle Scene'),
    (533, 17, 1 , 'Parkett', 'Gamle Scene'),
    (534, 18, 1 , 'Parkett', 'Gamle Scene'),
    (535, 1, 2 , 'Parkett', 'Gamle Scene'),
    (536, 2, 2 , 'Parkett', 'Gamle Scene'),
    (537, 3, 2 , 'Parkett', 'Gamle Scene'),
    (538, 4, 2 , 'Parkett', 'Gamle Scene'),
    (539, 5, 2 , 'Parkett', 'Gamle Scene'),
    (540, 6, 2 , 'Parkett', 'Gamle Scene'),
    (541, 7, 2 , 'Parkett', 'Gamle Scene'),
    (542, 8, 2 , 'Parkett', 'Gamle Scene'),
    (543, 9, 2 , 'Parkett', 'Gamle Scene'),
    (544, 10, 2 , 'Parkett', 'Gamle Scene'),
    (545, 11, 2 , 'Parkett', 'Gamle Scene'),
    (546, 12, 2 , 'Parkett', 'Gamle Scene'),
    (547, 13, 2 , 'Parkett', 'Gamle Scene'),
    (548, 14, 2 , 'Parkett', 'Gamle Scene'),
    (549, 15, 2 , 'Parkett', 'Gamle Scene'),
    (550, 16, 2 , 'Parkett', 'Gamle Scene'),
    (551, 1, 3 , 'Parkett', 'Gamle Scene'),
    (552, 2, 3 , 'Parkett', 'Gamle Scene'),
    (553, 3, 3 , 'Parkett', 'Gamle Scene'),
    (554, 4, 3 , 'Parkett', 'Gamle Scene'),
    (555, 5, 3 , 'Parkett', 'Gamle Scene'),
    (556, 6, 3 , 'Parkett', 'Gamle Scene'),
    (557, 7, 3 , 'Parkett', 'Gamle Scene'),
    (558, 8, 3 , 'Parkett', 'Gamle Scene'),
    (559, 9, 3 , 'Parkett', 'Gamle Scene'),
    (560, 10, 3 , 'Parkett', 'Gamle Scene'),
    (561, 11, 3 , 'Parkett', 'Gamle Scene'),
    (562, 12, 3 , 'Parkett', 'Gamle Scene'),
    (563, 13, 3 , 'Parkett', 'Gamle Scene'),
    (564, 14, 3 , 'Parkett', 'Gamle Scene'),
    (565, 15, 3 , 'Parkett', 'Gamle Scene'),
    (566, 16, 3 , 'Parkett', 'Gamle Scene'),
    (567, 17, 3 , 'Parkett', 'Gamle Scene'),
    (568, 1, 4 , 'Parkett', 'Gamle Scene'),
    (569, 2, 4 , 'Parkett', 'Gamle Scene'),
    (570, 3, 4 , 'Parkett', 'Gamle Scene'),
    (571, 4, 4 , 'Parkett', 'Gamle Scene'),
    (572, 5, 4 , 'Parkett', 'Gamle Scene'),
    (573, 6, 4 , 'Parkett', 'Gamle Scene'),
    (574, 7, 4 , 'Parkett', 'Gamle Scene'),
    (575, 8, 4 , 'Parkett', 'Gamle Scene'),
    (576, 9, 4 , 'Parkett', 'Gamle Scene'),
    (577, 10, 4 , 'Parkett', 'Gamle Scene'),
    (578, 11, 4 , 'Parkett', 'Gamle Scene'),
    (579, 12, 4 , 'Parkett', 'Gamle Scene'),
    (580, 13, 4 , 'Parkett', 'Gamle Scene'),
    (581, 14, 4 , 'Parkett', 'Gamle Scene'),
    (582, 15, 4 , 'Parkett', 'Gamle Scene'),
    (583, 16, 4 , 'Parkett', 'Gamle Scene'),
    (584, 17, 4 , 'Parkett', 'Gamle Scene'),
    (585, 18, 4 , 'Parkett', 'Gamle Scene'),
    (586, 1, 5 , 'Parkett', 'Gamle Scene'),
    (587, 2, 5 , 'Parkett', 'Gamle Scene'),
    (588, 3, 5 , 'Parkett', 'Gamle Scene'),
    (589, 4, 5 , 'Parkett', 'Gamle Scene'),
    (590, 5, 5 , 'Parkett', 'Gamle Scene'),
    (591, 6, 5 , 'Parkett', 'Gamle Scene'),
    (592, 7, 5 , 'Parkett', 'Gamle Scene'),
    (593, 8, 5 , 'Parkett', 'Gamle Scene'),
    (594, 9, 5 , 'Parkett', 'Gamle Scene'),
    (595, 10, 5 , 'Parkett', 'Gamle Scene'),
    (596, 11, 5 , 'Parkett', 'Gamle Scene'),
    (597, 12, 5 , 'Parkett', 'Gamle Scene'),
    (598, 13, 5 , 'Parkett', 'Gamle Scene'),
    (599, 14, 5 , 'Parkett', 'Gamle Scene'),
    (600, 15, 5 , 'Parkett', 'Gamle Scene'),
    (601, 16, 5 , 'Parkett', 'Gamle Scene'),
    (602, 17, 5 , 'Parkett', 'Gamle Scene'),
    (603, 18, 5 , 'Parkett', 'Gamle Scene'),
    (604, 1, 6 , 'Parkett', 'Gamle Scene'),
    (605, 2, 6 , 'Parkett', 'Gamle Scene'),
    (606, 3, 6 , 'Parkett', 'Gamle Scene'),
    (607, 4, 6 , 'Parkett', 'Gamle Scene'),
    (608, 5, 6 , 'Parkett', 'Gamle Scene'),
    (609, 6, 6 , 'Parkett', 'Gamle Scene'),
    (610, 7, 6 , 'Parkett', 'Gamle Scene'),
    (611, 8, 6 , 'Parkett', 'Gamle Scene'),
    (612, 9, 6 , 'Parkett', 'Gamle Scene'),
    (613, 10, 6 , 'Parkett', 'Gamle Scene'),
    (614, 11, 6 , 'Parkett', 'Gamle Scene'),
    (615, 12, 6 , 'Parkett', 'Gamle Scene'),
    (616, 13, 6 , 'Parkett', 'Gamle Scene'),
    (617, 14, 6 , 'Parkett', 'Gamle Scene'),
    (618, 15, 6 , 'Parkett', 'Gamle Scene'),
    (619, 16, 6 , 'Parkett', 'Gamle Scene'),
    (620, 17, 6 , 'Parkett', 'Gamle Scene'),
    (621, 1, 7 , 'Parkett', 'Gamle Scene'),
    (622, 2, 7 , 'Parkett', 'Gamle Scene'),
    (623, 3, 7 , 'Parkett', 'Gamle Scene'),
    (624, 4, 7 , 'Parkett', 'Gamle Scene'),
    (625, 5, 7 , 'Parkett', 'Gamle Scene'),
    (626, 6, 7 , 'Parkett', 'Gamle Scene'),
    (627, 7, 7 , 'Parkett', 'Gamle Scene'),
    (628, 8, 7 , 'Parkett', 'Gamle Scene'),
    (629, 9, 7 , 'Parkett', 'Gamle Scene'),
    (630, 10, 7 , 'Parkett', 'Gamle Scene'),
    (631, 11, 7 , 'Parkett', 'Gamle Scene'),
    (632, 12, 7 , 'Parkett', 'Gamle Scene'),
    (633, 13, 7 , 'Parkett', 'Gamle Scene'),
    (634, 14, 7 , 'Parkett', 'Gamle Scene'),
    (635, 15, 7 , 'Parkett', 'Gamle Scene'),
    (636, 16, 7 , 'Parkett', 'Gamle Scene'),
    (637, 17, 7 , 'Parkett', 'Gamle Scene'),
    (638, 18, 7 , 'Parkett', 'Gamle Scene'),
    (639, 1, 8 , 'Parkett', 'Gamle Scene'),
    (640, 2, 8 , 'Parkett', 'Gamle Scene'),
    (641, 3, 8 , 'Parkett', 'Gamle Scene'),
    (642, 4, 8 , 'Parkett', 'Gamle Scene'),
    (643, 5, 8 , 'Parkett', 'Gamle Scene'),
    (644, 6, 8 , 'Parkett', 'Gamle Scene'),
    (645, 7, 8 , 'Parkett', 'Gamle Scene'),
    (646, 8, 8 , 'Parkett', 'Gamle Scene'),
    (647, 9, 8 , 'Parkett', 'Gamle Scene'),
    (648, 10, 8 , 'Parkett', 'Gamle Scene'),
    (649, 11, 8 , 'Parkett', 'Gamle Scene'),
    (650, 12, 8 , 'Parkett', 'Gamle Scene'),
    (651, 13, 8 , 'Parkett', 'Gamle Scene'),
    (652, 14, 8 , 'Parkett', 'Gamle Scene'),
    (653, 15, 8 , 'Parkett', 'Gamle Scene'),
    (654, 16, 8 , 'Parkett', 'Gamle Scene'),
    (655, 17, 8 , 'Parkett', 'Gamle Scene'),
    (656, 1, 9 , 'Parkett', 'Gamle Scene'),
    (657, 2, 9 , 'Parkett', 'Gamle Scene'),
    (658, 3, 9 , 'Parkett', 'Gamle Scene'),
    (659, 4, 9 , 'Parkett', 'Gamle Scene'),
    (660, 5, 9 , 'Parkett', 'Gamle Scene'),
    (661, 6, 9 , 'Parkett', 'Gamle Scene'),
    (662, 7, 9 , 'Parkett', 'Gamle Scene'),
    (663, 8, 9 , 'Parkett', 'Gamle Scene'),
    (664, 9, 9 , 'Parkett', 'Gamle Scene'),
    (665, 10, 9 , 'Parkett', 'Gamle Scene'),
    (666, 11, 9 , 'Parkett', 'Gamle Scene'),
    (667, 12, 9 , 'Parkett', 'Gamle Scene'),
    (668, 13, 9 , 'Parkett', 'Gamle Scene'),
    (669, 14, 9 , 'Parkett', 'Gamle Scene'),
    (670, 15, 9 , 'Parkett', 'Gamle Scene'),
    (671, 16, 9 , 'Parkett', 'Gamle Scene'),
    (672, 17, 9 , 'Parkett', 'Gamle Scene'),
    (673, 1, 10 , 'Parkett', 'Gamle Scene'),
    (674, 2, 10 , 'Parkett', 'Gamle Scene'),
    (675, 3, 10 , 'Parkett', 'Gamle Scene'),
    (676, 4, 10 , 'Parkett', 'Gamle Scene'),
    (677, 5, 10 , 'Parkett', 'Gamle Scene'),
    (678, 6, 10 , 'Parkett', 'Gamle Scene'),
    (679, 7, 10 , 'Parkett', 'Gamle Scene'),
    (680, 8, 10 , 'Parkett', 'Gamle Scene'),
    (681, 9, 10 , 'Parkett', 'Gamle Scene'),
    (682, 10, 10 , 'Parkett', 'Gamle Scene'),
    (683, 11, 10 , 'Parkett', 'Gamle Scene'),
    (684, 12, 10 , 'Parkett', 'Gamle Scene'),
    (685, 13, 10 , 'Parkett', 'Gamle Scene'),
    (686, 14, 10 , 'Parkett', 'Gamle Scene'),
    (687, 1, 1 , 'Balkong', 'Gamle Scene'),
    (688, 2, 1 , 'Balkong', 'Gamle Scene'),
    (689, 3, 1 , 'Balkong', 'Gamle Scene'),
    (690, 4, 1 , 'Balkong', 'Gamle Scene'),
    (691, 5, 1 , 'Balkong', 'Gamle Scene'),
    (692, 6, 1 , 'Balkong', 'Gamle Scene'),
    (693, 7, 1 , 'Balkong', 'Gamle Scene'),
    (694, 8, 1 , 'Balkong', 'Gamle Scene'),
    (695, 9, 1 , 'Balkong', 'Gamle Scene'),
    (696, 10, 1 , 'Balkong', 'Gamle Scene'),
    (697, 11, 1 , 'Balkong', 'Gamle Scene'),
    (698, 12, 1 , 'Balkong', 'Gamle Scene'),
    (699, 13, 1 , 'Balkong', 'Gamle Scene'),
    (700, 14, 1 , 'Balkong', 'Gamle Scene'),
    (701, 15, 1 , 'Balkong', 'Gamle Scene'),
    (702, 16, 1 , 'Balkong', 'Gamle Scene'),
    (703, 17, 1 , 'Balkong', 'Gamle Scene'),
    (704, 18, 1 , 'Balkong', 'Gamle Scene'),
    (705, 19, 1 , 'Balkong', 'Gamle Scene'),
    (706, 20, 1 , 'Balkong', 'Gamle Scene'),
    (707, 21, 1 , 'Balkong', 'Gamle Scene'),
    (708, 22, 1 , 'Balkong', 'Gamle Scene'),
    (709, 23, 1 , 'Balkong', 'Gamle Scene'),
    (710, 24, 1 , 'Balkong', 'Gamle Scene'),
    (711, 25, 1 , 'Balkong', 'Gamle Scene'),
    (712, 26, 1 , 'Balkong', 'Gamle Scene'),
    (713, 27, 1 , 'Balkong', 'Gamle Scene'),
    (714, 28, 1 , 'Balkong', 'Gamle Scene'),
    (715, 1, 2 , 'Balkong', 'Gamle Scene'),
    (716, 2, 2 , 'Balkong', 'Gamle Scene'),
    (717, 3, 2 , 'Balkong', 'Gamle Scene'),
    (718, 4, 2 , 'Balkong', 'Gamle Scene'),
    (719, 5, 2 , 'Balkong', 'Gamle Scene'),
    (720, 6, 2 , 'Balkong', 'Gamle Scene'),
    (721, 7, 2 , 'Balkong', 'Gamle Scene'),
    (722, 8, 2 , 'Balkong', 'Gamle Scene'),
    (723, 9, 2 , 'Balkong', 'Gamle Scene'),
    (724, 10, 2 , 'Balkong', 'Gamle Scene'),
    (725, 11, 2 , 'Balkong', 'Gamle Scene'),
    (726, 12, 2 , 'Balkong', 'Gamle Scene'),
    (727, 13, 2 , 'Balkong', 'Gamle Scene'),
    (728, 14, 2 , 'Balkong', 'Gamle Scene'),
    (729, 15, 2 , 'Balkong', 'Gamle Scene'),
    (730, 16, 2 , 'Balkong', 'Gamle Scene'),
    (731, 17, 2 , 'Balkong', 'Gamle Scene'),
    (732, 18, 2 , 'Balkong', 'Gamle Scene'),
    (733, 19, 2 , 'Balkong', 'Gamle Scene'),
    (734, 20, 2 , 'Balkong', 'Gamle Scene'),
    (735, 21, 2 , 'Balkong', 'Gamle Scene'),
    (736, 22, 2 , 'Balkong', 'Gamle Scene'),
    (737, 23, 2 , 'Balkong', 'Gamle Scene'),
    (738, 24, 2 , 'Balkong', 'Gamle Scene'),
    (739, 25, 2 , 'Balkong', 'Gamle Scene'),
    (740, 26, 2 , 'Balkong', 'Gamle Scene'),
    (741, 27, 2 , 'Balkong', 'Gamle Scene'),
    (742, 1, 3 , 'Balkong', 'Gamle Scene'),
    (743, 2, 3 , 'Balkong', 'Gamle Scene'),
    (744, 3, 3 , 'Balkong', 'Gamle Scene'),
    (745, 4, 3 , 'Balkong', 'Gamle Scene'),
    (746, 5, 3 , 'Balkong', 'Gamle Scene'),
    (747, 6, 3 , 'Balkong', 'Gamle Scene'),
    (748, 7, 3 , 'Balkong', 'Gamle Scene'),
    (749, 8, 3 , 'Balkong', 'Gamle Scene'),
    (750, 9, 3 , 'Balkong', 'Gamle Scene'),
    (751, 10, 3 , 'Balkong', 'Gamle Scene'),
    (752, 11, 3 , 'Balkong', 'Gamle Scene'),
    (753, 12, 3 , 'Balkong', 'Gamle Scene'),
    (754, 13, 3 , 'Balkong', 'Gamle Scene'),
    (755, 14, 3 , 'Balkong', 'Gamle Scene'),
    (756, 15, 3 , 'Balkong', 'Gamle Scene'),
    (757, 16, 3 , 'Balkong', 'Gamle Scene'),
    (758, 17, 3 , 'Balkong', 'Gamle Scene'),
    (759, 18, 3 , 'Balkong', 'Gamle Scene'),
    (760, 19, 3 , 'Balkong', 'Gamle Scene'),
    (761, 20, 3 , 'Balkong', 'Gamle Scene'),
    (762, 21, 3 , 'Balkong', 'Gamle Scene'),
    (763, 22, 3 , 'Balkong', 'Gamle Scene'),
    (764, 1, 4 , 'Balkong', 'Gamle Scene'),
    (765, 2, 4 , 'Balkong', 'Gamle Scene'),
    (766, 3, 4 , 'Balkong', 'Gamle Scene'),
    (767, 4, 4 , 'Balkong', 'Gamle Scene'),
    (768, 5, 4 , 'Balkong', 'Gamle Scene'),
    (769, 6, 4 , 'Balkong', 'Gamle Scene'),
    (770, 7, 4 , 'Balkong', 'Gamle Scene'),
    (771, 8, 4 , 'Balkong', 'Gamle Scene'),
    (772, 9, 4 , 'Balkong', 'Gamle Scene'),
    (773, 10, 4 , 'Balkong', 'Gamle Scene'),
    (774, 11, 4 , 'Balkong', 'Gamle Scene'),
    (775, 12, 4 , 'Balkong', 'Gamle Scene'),
    (776, 13, 4 , 'Balkong', 'Gamle Scene'),
    (777, 14, 4 , 'Balkong', 'Gamle Scene'),
    (778, 15, 4 , 'Balkong', 'Gamle Scene'),
    (779, 16, 4 , 'Balkong', 'Gamle Scene'),
    (780, 17, 4 , 'Balkong', 'Gamle Scene'),
    (781, 1, 1 , 'Galleri', 'Gamle Scene'),
    (782, 2, 1 , 'Galleri', 'Gamle Scene'),
    (783, 3, 1 , 'Galleri', 'Gamle Scene'),
    (784, 4, 1 , 'Galleri', 'Gamle Scene'),
    (785, 5, 1 , 'Galleri', 'Gamle Scene'),
    (786, 6, 1 , 'Galleri', 'Gamle Scene'),
    (787, 7, 1 , 'Galleri', 'Gamle Scene'),
    (788, 8, 1 , 'Galleri', 'Gamle Scene'),
    (789, 9, 1 , 'Galleri', 'Gamle Scene'),
    (790, 10, 1 , 'Galleri', 'Gamle Scene'),
    (791, 11, 1 , 'Galleri', 'Gamle Scene'),
    (792, 12, 1 , 'Galleri', 'Gamle Scene'),
    (793, 13, 1 , 'Galleri', 'Gamle Scene'),
    (794, 14, 1 , 'Galleri', 'Gamle Scene'),
    (795, 15, 1 , 'Galleri', 'Gamle Scene'),
    (796, 16, 1 , 'Galleri', 'Gamle Scene'),
    (797, 17, 1 , 'Galleri', 'Gamle Scene'),
    (798, 18, 1 , 'Galleri', 'Gamle Scene'),
    (799, 19, 1 , 'Galleri', 'Gamle Scene'),
    (800, 20, 1 , 'Galleri', 'Gamle Scene'),
    (801, 21, 1 , 'Galleri', 'Gamle Scene'),
    (802, 22, 1 , 'Galleri', 'Gamle Scene'),
    (803, 23, 1 , 'Galleri', 'Gamle Scene'),
    (804, 24, 1 , 'Galleri', 'Gamle Scene'),
    (805, 25, 1 , 'Galleri', 'Gamle Scene'),
    (806, 26, 1 , 'Galleri', 'Gamle Scene'),
    (807, 27, 1 , 'Galleri', 'Gamle Scene'),
    (808, 28, 1 , 'Galleri', 'Gamle Scene'),
    (809, 29, 1 , 'Galleri', 'Gamle Scene'),
    (810, 30, 1 , 'Galleri', 'Gamle Scene'),
    (811, 31, 1 , 'Galleri', 'Gamle Scene'),
    (812, 32, 1 , 'Galleri', 'Gamle Scene'),
    (813, 33, 1 , 'Galleri', 'Gamle Scene'),
    (814, 1, 2 , 'Galleri', 'Gamle Scene'),
    (815, 2, 2 , 'Galleri', 'Gamle Scene'),
    (816, 3, 2 , 'Galleri', 'Gamle Scene'),
    (817, 4, 2 , 'Galleri', 'Gamle Scene'),
    (818, 5, 2 , 'Galleri', 'Gamle Scene'),
    (819, 6, 2 , 'Galleri', 'Gamle Scene'),
    (820, 7, 2 , 'Galleri', 'Gamle Scene'),
    (821, 8, 2 , 'Galleri', 'Gamle Scene'),
    (822, 9, 2 , 'Galleri', 'Gamle Scene'),
    (823, 10, 2 , 'Galleri', 'Gamle Scene'),
    (824, 11, 2 , 'Galleri', 'Gamle Scene'),
    (825, 12, 2 , 'Galleri', 'Gamle Scene'),
    (826, 13, 2 , 'Galleri', 'Gamle Scene'),
    (827, 14, 2 , 'Galleri', 'Gamle Scene'),
    (828, 15, 2 , 'Galleri', 'Gamle Scene'),
    (829, 16, 2 , 'Galleri', 'Gamle Scene'),
    (830, 17, 2 , 'Galleri', 'Gamle Scene'),
    (831, 18, 2 , 'Galleri', 'Gamle Scene'),
    (832, 1, 3 , 'Galleri', 'Gamle Scene'),
    (833, 2, 3 , 'Galleri', 'Gamle Scene'),
    (834, 3, 3 , 'Galleri', 'Gamle Scene'),
    (835, 4, 3 , 'Galleri', 'Gamle Scene'),
    (836, 5, 3 , 'Galleri', 'Gamle Scene'),
    (837, 6, 3 , 'Galleri', 'Gamle Scene'),
    (838, 7, 3 , 'Galleri', 'Gamle Scene'),
    (839, 8, 3 , 'Galleri', 'Gamle Scene'),
    (840, 9, 3 , 'Galleri', 'Gamle Scene'),
    (841, 10, 3 , 'Galleri', 'Gamle Scene'),
    (842, 11, 3 , 'Galleri', 'Gamle Scene'),
    (843, 12, 3 , 'Galleri', 'Gamle Scene'),
    (844, 13, 3 , 'Galleri', 'Gamle Scene'),
    (845, 14, 3 , 'Galleri', 'Gamle Scene'),
    (846, 15, 3 , 'Galleri', 'Gamle Scene'),
    (847, 16, 3 , 'Galleri', 'Gamle Scene'),
    (848, 17, 3 , 'Galleri', 'Gamle Scene');

COMMIT;
